-- phpMyAdmin SQL Dump
-- version 5.2.1
-- https://www.phpmyadmin.net/
--
-- Máy chủ: 127.0.0.1
-- Thời gian đã tạo: Th10 22, 2024 lúc 05:14 PM
-- Phiên bản máy phục vụ: 10.4.32-MariaDB
-- Phiên bản PHP: 8.0.30

SET SQL_MODE = "NO_AUTO_VALUE_ON_ZERO";
START TRANSACTION;
SET time_zone = "+00:00";


/*!40101 SET @OLD_CHARACTER_SET_CLIENT=@@CHARACTER_SET_CLIENT */;
/*!40101 SET @OLD_CHARACTER_SET_RESULTS=@@CHARACTER_SET_RESULTS */;
/*!40101 SET @OLD_COLLATION_CONNECTION=@@COLLATION_CONNECTION */;
/*!40101 SET NAMES utf8mb4 */;

--
-- Cơ sở dữ liệu: `suaschool`
--

-- --------------------------------------------------------

--
-- Cấu trúc bảng cho bảng `admin`
--

CREATE TABLE `admin` (
  `id` int(11) NOT NULL,
  `username` varchar(255) CHARACTER SET utf8 COLLATE utf8_general_ci DEFAULT NULL,
  `password` longtext DEFAULT NULL
) ENGINE=InnoDB DEFAULT CHARSET=utf8mb4 COLLATE=utf8mb4_general_ci;

--
-- Đang đổ dữ liệu cho bảng `admin`
--

INSERT INTO `admin` (`id`, `username`, `password`) VALUES
(1, 'truongsondev', 'truongson2003'),
(2, 'admin', 'admin');

-- --------------------------------------------------------

--
-- Cấu trúc bảng cho bảng `brand`
--

CREATE TABLE `brand` (
  `Id` varchar(255) NOT NULL,
  `Title` varchar(255) DEFAULT NULL,
  `Address` varchar(255) DEFAULT NULL,
  `PhoneNumber` varchar(255) DEFAULT NULL,
  `Email` varchar(255) DEFAULT NULL,
  `thumbnail` longtext DEFAULT NULL
) ENGINE=InnoDB DEFAULT CHARSET=utf8mb4 COLLATE=utf8mb4_general_ci;

--
-- Đang đổ dữ liệu cho bảng `brand`
--

INSERT INTO `brand` (`Id`, `Title`, `Address`, `PhoneNumber`, `Email`, `thumbnail`) VALUES
('SUA001', 'VinaMilk', 'Khu Suông 2 - Xã Hương Lung - Huyện Cẩm Khê - Tỉnh Phú Thọ29b Định Công Thượng - Quận Hoàng Mai - Thành Phố Hà Nội', '0869224813', 'fstack.edu@gmail.com', 'http://localhost/php/Do_An_PHP/admin/uploads/file_67409e2a7f6f58.84475771.png'),
('SUA002', 'Dutch Lady ', '16-18 Phan Huy Ích, Gò Vấp, TP.HCM', '+84 28 3829 0800', 'info@frieslandcampina.com.vn', 'http://localhost/php/Do_An_PHP/admin/uploads/file_6740a1c40608c6.06354073.jpg'),
('sua004', 'TH True Milk', 'Khu công nghiệp Hòa Lạc, Thạch Thất, Hà Nội', '+84 1800 1212', 'hotro@thmilk.vn', 'http://localhost/php/Do_An_PHP/admin/uploads/file_6740a2b5c5b9d8.28700949.png'),
('sua005', 'Mộc Châu Milk', 'Thị trấn Mộc Châu, Sơn La', '+84 21 8581 222', 'mcmilk@mochautrading.com.vn', 'http://localhost/php/Do_An_PHP/admin/uploads/file_6740a375140dd8.78460691.png');

-- --------------------------------------------------------

--
-- Cấu trúc bảng cho bảng `customer`
--

CREATE TABLE `customer` (
  `Id` varchar(255) NOT NULL,
  `FullName` varchar(255) DEFAULT NULL,
  `Gender` bit(1) DEFAULT NULL,
  `Address` varchar(255) DEFAULT NULL,
  `PhoneNumber` varchar(255) DEFAULT NULL
) ENGINE=InnoDB DEFAULT CHARSET=utf8mb4 COLLATE=utf8mb4_general_ci;

--
-- Đang đổ dữ liệu cho bảng `customer`
--

INSERT INTO `customer` (`Id`, `FullName`, `Gender`, `Address`, `PhoneNumber`) VALUES
('KH001', 'Nguyễn Trường Sơn', b'1', 'Hoàng Mai - Định Công - Hà Nội', '123456789'),
('KH002', 'Lê Thị Hoa', b'0', 'Nam Đàn - Nghệ An - Việt Nam', '0869224814'),
('KH003', 'Nguyễn Tuân Tiến', b'1', 'Khu 2 - Hoàng Cương - Thanh Ba - Phú Thọ', '0869224815'),
('KH004', 'Nguyễn Đức Thành', b'1', 'Khu 2 - Hoàng Cương - Thanh Ba - Phú Thọ', '0869224816'),
('KH005', 'Ngô Ngọc Văn', b'1', 'Hải Phòng', '0869224817'),
('KH007', 'Nguyễn Văn An', b'1', '123 Đường Láng, Hà Nội', '0912345678');

-- --------------------------------------------------------

--
-- Cấu trúc bảng cho bảng `sua`
--

CREATE TABLE `sua` (
  `id` int(11) NOT NULL,
  `title` varchar(255) DEFAULT NULL,
  `type` varchar(50) DEFAULT NULL,
  `weight` double DEFAULT NULL,
  `price` decimal(12,2) DEFAULT NULL,
  `is_active` tinyint(1) DEFAULT NULL,
  `thumbnail` longtext DEFAULT NULL,
  `content` longtext DEFAULT NULL,
  `brand` varchar(255) DEFAULT NULL
) ENGINE=InnoDB DEFAULT CHARSET=utf8mb4 COLLATE=utf8mb4_general_ci;

--
-- Đang đổ dữ liệu cho bảng `sua`
--

INSERT INTO `sua` (`id`, `title`, `type`, `weight`, `price`, `is_active`, `thumbnail`, `content`, `brand`) VALUES
(5, 'Australia’s OWN A2 nhập từ Úc thùng 21 hộp', 'Sữa Tươi', 500, 143000.00, 1, 'http://localhost/php/Do_An_PHP/admin/uploads/file_6740a50617a7f4.61523976.jpg', '✅Được chế biến 100% từ sữa bò nguyên chất, sữa tươi tiệt trùng nguyên kem Australia\'s Own có được hương vị thơm ngon, béo ngậy tự nhiên và nguồn dinh dưỡng tối ưu. Sản phẩm đặc biệt tốt cho trẻ đang độ tuổi phát triển hoặc những người gầy. Nếu đã thừa cân, bạn không nên sử dụng thường xuyên dòng sữa này để tránh dư thừa dinh dưỡng\r\n✅Australia’s Own là thương hiệu sữa nổi tiếng đến từ Úc, được nhiều người ưa chuộng bởi các dòng sữa dinh dưỡng tốt cho sức khỏe người dùng. Đây là nhãn hàng danh tiếng thuộc tập đoàn Freedom Food Group nổi tiếng của đất nước này. Với hệ thống phân phối toàn cầu, không khó để bạn bắt gặp các sản phẩm mang tên thương hiệu này trên kệ của các cửa hàng tiện lợi hay siêu thị lớn ở nhiều quốc gia trên thế giới. Tại Việt Nam, Australia’s Own luôn nằm trong top những loại sữa nhập khẩu được người tiêu dùng yêu thích nhất.\r\n✅Với sự phong phú và đa dạng của các dòng sản phẩm, Australia\'s Own cũng sử dụng những nguồn nguyên liệu khác nhau. Trong đó tất cả đều được kiểm soát chặt chẽ từ khâu chọn lựa, nuôi trồng, thu hoạch cho đến khi tạo ra sản phẩm cuối cùng. Nhờ vậy những đánh giá sữa Australia\'s Own về nguyên liệu hay thành phần đều đạt được kết quả tích cực.\r\n\r\n✅Đối với sữa động vật, nguồn nguyên liệu chính là sữa tươi được vắt trực tiếp từ những con bò trong trang trại thuộc sở hữu của hãng. Chúng được chọn lựa kỹ lưỡng về giống và nuôi tại môi trường lý tưởng về dinh dưỡng, khí hậu, cách chăm sóc. Kết hợp với quy trình sản xuất hiện đại, được kiểm định chặt chẽ và bảo quản khoa học, sữa không chỉ thơm ngon về hương vị mà còn có giá trị cao về dinh dưỡng\r\n✅Với các thành phần phong phú và tốt cho sức khỏe, uống sữa tươi sạch mỗi ngày là cách giúp cả gia đình bổ sung thêm canxi, vitamin D, protein, vitamin và hàng loạt khoáng chất cần thiết cho cơ thể. Tùy từng dòng sản phẩm mà thích hợp với mỗi đối tượng cụ thể, từ trẻ em cho tới người cao tuổi.                                                                                                                                ', 'SUA001'),
(26, 'Sữa tươi tiệt trùng có đường đường Vinamilk', 'Sữa Tươi', 220, 7500.00, 1, 'http://localhost/php/Do_An_PHP/admin/uploads/file_6740a5f903ace2.14159951.jpg', 'Sữa tươi tiệt trùng có đường đường Vinamilk 100% bịch 220ml\r\n- Sữa tươi 100% dạng bịch được làm từ 100% sữa bò tươi nguyên chất từ hệ thống trang trại chuẩn Quốc tế lớn nhất Châu Á\r\n- Đàn bò được chăm sóc tốt, nên luôn vui tươi, cho sữa tươi ngon, chất lượng\r\n- Giúp cường đề kháng nhờ bổ sung Vitamin A, D3 và Selen.', 'SUA001'),
(27, 'Sữa tươi tiệt trùng TH ít đường bịch', 'Sữa Tươi', 220, 8.50, 1, 'http://localhost/php/Do_An_PHP/admin/uploads/file_6740a642832309.39869660.jpg', 'Sữa tươi tiệt trùng TH ít đường túi 220ml:\r\n\r\nHương vị sữa tươi thơm ngon sữa tươi tiệt trùng có đường Vitamin tăng sức đề kháng được làm từ 100% sữa bò tươi. Sữa lấy từ trang trại của TH sản xuất tại Việt Nam TH True milk là thương hiệu của Việt. Sữa tiệt trùng TH True Milk là sự lựa chọn tuyệt vời cho bạn và gia đình. Sữa tươi tiệt trùng TH true Milk bổ sung Colagen, Canxi, Phytosterol và các dưỡng chất thiết yếu giúp tăng khả năng hấp thu chất dinh dưỡng, bảo vệ xương và răng, cải thiện hệ tim mạch. Sản phẩm có hương vị thơm ngon, ít đường cùng thiết kế dạng hộp nhỏ gọn và tiện dụng, dễ dàng mang theo.\r\n\r\n- Sản phẩm dùng cho mọi lứa tuổi và trẻ trên 1 tuổi.\r\n\r\n* Thành phần:\r\n\r\nSữa hoàn toàn từ sữa bò tươi (96%), đường tinh luyện (2,8%), chất ổn định dùng cho thực phẩm.\r\n\r\n* Đặc điểm nổi bật:\r\n- Được làm hoàn toàn từ sữa tươi sạch nguyên chất của trang trại TH.\r\n- Được sản xuất theo quy trình sạch, khép kín, ứng dụng công nghệ hiện đại từ đồng cỏ đến bàn ăn nhằm đảm bảo tinh tuý thiên nhiên được giữ vẹn nguyên trong từng giọt sữa.\r\n- Sữa tươi tiệt trùng TH True Milk sử dụng hoàn toàn sữa tươi sạch nguyên chất của trang trại TH với dây chuyền sản xuất hiện đại và đảm bảo an toàn vệ sinh thực phẩm. Sữa tươi tiệt trùng TH True Milk cung cấp các dưỡng chất thiết yếu cho sự phát triển trí lực và thể chất của cả gia đình.\r\n\r\n- Sữa tươi tiệt trùng TH True Milk bổ sung Colagen, Canxi, Phytosterol và các dưỡng chất thiết yếu giúp tăng khả năng hấp thu chất dinh dưỡng, bảo vệ xương và răng, cải thiện hệ tim mạch. Với thiết kế hộp nhỏ gọn tiện lợi cho bạn và gia đình bảo quản lâu dài và thưởng thức hàng ngày.\r\n\r\n- Hương vị thơm ngon thuần khiết\r\n\r\n- Không chất bảo quản, phụ gia, đảm bảo an toàn cho sức khoẻ.\r\n\r\n* Hướng dẫn sử dụng:\r\n\r\nDùng uống trực tiếp. Ngon hơn khi uống lạnh.\r\n\r\n* Bảo quản:\r\n- Bảo quản nơi khô ráo, thoáng mát, tránh ánh nắng trực tiếp.\r\n\r\n- Nên dùng hết sau khi mở, nếu còn bảo quản ngăn mát tủ lạnh ở 4 - 10 độ C, nên dùng hết sau 3 ngày.\r\n\r\nHệ thống cửa hàng bán lẻ chính hãng Thế giới sữa – thegioisua.com', 'sua004'),
(28, 'Sữa tươi tiệt trùng ít đường Dalatmilk', 'Sữa Tươi', 110, 20000.00, 1, 'http://localhost/php/Do_An_PHP/admin/uploads/file_6740a6a7a507f1.48159589.jpg', 'Sữa tươi tiệt trùng ít đường Dalatmilk 110ml được làm từ sữa tươi của những vùng chăn nuôi bò sữa nổi tiếng chất lượng theo tiêu chuẩn Dalatmilk, cung cấp cho bạn các vitamin khoáng chất với hương vị thơm ngon dễ uống.\r\n\r\n* Đặc điểm nổi bật:\r\n\r\n- Sữa tươi tiệt trùng ít đường Dalatmilk 110ml là món quà từ thiên nhiên quý giá, nguồn dinh dưỡng dồi dào từ nguồn sữa của những chú bò được chăn thả và ăn cỏ trên những cánh đồng xanh mát của cao nguyên Lâm Đồng mang đến hương vị tươi ngon khó cưỡng, sẽ giúp cả gia đình luôn tràn đầy sức khỏe và niềm vui mỗi ngày. Nguồn sữa giàu protein, chất béo và các loại vitamin, đồng thời với hàm lượng cao canxi rất tốt cho sức khỏe. Đây chính là món quà tuyệt vời cho sức khỏe của cả gia đình.\r\n\r\n- Dòng sữa được cung cấp bởi đàn bò khỏe mạnh đến từ những trang trại đạt Chuẩn quốc tế trên cao nguyên Lâm Đồng. Khi về nhà máy, Dalatmilk sử dụng công nghệ tiệt trùng UHT hiện đại giúp tiêu diệt toàn bộ vi khuẩn có hại, các loại nấm men, nấm mốc đồng thời giữ lại tối đa các chất dinh dưỡng, mùi vị tự nhiên của sữa, giúp sản phẩm luôn thơm ngon, chất lượng trong thời gian dài mà hoàn toàn không sử dụng chất bảo quản.\r\n\r\n- Sữa tươi tiệt trùng ít đường Dalatmilk 110ml là thực phẩm dinh dưỡng quý giá có thể bổ sung vào những lúc cơ thể bị thiếu hụt năng lượng. Đặc biệt phù hợp các bé cần tăng cân hoặc hiếu động, có lượng vận động nhiều, cần nhiều năng lượng. Một ly sữa với đầy đủ lượng calories, protein, chất béo sẽ là nguồn dinh dưỡng cần thiết, kịp thời để tái tạo và tiếp sức năng lượng cho một ngày dài. Hãy cùng Dalatmilk chăm sóc sức khỏe bản thân và gia đình mỗi ngày bằng những ly sữa tươi thơm ngon và bổ dưỡng ngay từ hôm nay.\r\n\r\n- Canxi có vai trò đặc biệt quan trọng trong việc quyết định chiều cao, sự phát triển khỏe mạnh và độ cứng cáp của trẻ. Bổ sung canxi đầy đủ sẽ giúp trẻ phát triển khỏe mạnh, nhưng nhu cầu thì ở mỗi độ tuổi là khác nhau, trẻ càng lớn nhu cầu bổ sung canxi càng cao, vì vậy cần chú ý độ tuổi của trẻ để bổ sung liều lượng canxi cho phù hợp. Trong bữa ăn mỗi ngày chỉ cung cấp đủ 50% lượng canxi cần thiết cho cơ thể, do đó bổ sung thêm cho trẻ 2 ly sữa tươi Dalatmilk mỗi ngày với 300mg canxi/ 200ml kết hợp Vitamin D trong thành phần sữa sẽ là nền tảng tuyệt vời giúp trẻ có hệ xương chắc khỏe, chiều cao lý tưởng.\r\n\r\n* Hướng dẫn sử dụng và bảo quản:\r\n\r\n- Dung trực tiếp, lắc đều trước khi uống.\r\n\r\n- Bảo quản nơi khô ráo, thoáng mát, tránh ánh nắng trực tiếp.', 'sua005'),
(29, 'Sữa tươi tiệt trùng Dutch Lady không đường', 'Sữa Tươi', 110, 20000.00, 1, 'http://localhost/php/Do_An_PHP/admin/uploads/file_6740a6ecb7b176.21436791.jpg', 'Sữa Uống Tiệt Trùng Dutch Lady Không Đường cung cấp 20 dưỡng chất thiết yếu như Canxi, Đạm, Vitamin B2 bổ dưỡng, giúp bạn luôn năng động và khỏe mạnh.\r\n\r\nSữa bổ sung thêm Choline và Taurine giúp trẻ cao, khỏe và thông minh.\r\n\r\nVới thành phần dinh dưỡng cao, Sữa Uống Tiệt Trùng Dutch Lady được xem như một thực phẩm hiệu quả cho bữa phụ.\r\n\r\nTHÀNH PHẦN\r\n\r\nSữa tươi 100%, bổ sung Vitamins (A, D, B1, B2, B12) và các chất khoáng cần thiết cho cơ thể, không sử dụng chất bảo quản, không màu hóa học nên đảm bảo an toàn cho sức khoẻ (thành phần chi tiết xem trên bao bì sản phẩm).\r\n\r\nHƯỚNG DẪN SỬ DỤNG\r\n\r\n- Lắc đều trước khi uống, ngon hơn khi uống lạnh.\r\n\r\n- Sau khi mở hộp, đậy kín và bảo quản lạnh ở 2-7 độ C và sử dụng hết trong vòng 3 ngày.\r\n\r\n- Nên dùng 3 ly một ngày (1 ly khoảng 180ml).\r\n\r\n- Sản phẩm không sử dụng cho trẻ dưới 1 tuổi.\r\n\r\nCÁCH BẢO QUẢN\r\n\r\nBảo quản nơi khô ráo và thoáng mát.\r\n\r\nHẠN SỬ DỤNG\r\n\r\n06 tháng kể từ Ngày sản xuất.\r\n\r\nXUẤT XỨ\r\n\r\nViệt Nam.', 'SUA002'),
(30, 'Rontameal Nutri Pro Balanced', 'Sữa Đặc Có Đường', 400, 40000.00, 1, 'http://localhost/php/Do_An_PHP/admin/uploads/file_6740a73f3fc281.32363278.jpg', 'Rontameal Nutri-pro Balanced High Calcium là sản phẩm của tập đoàn Dreavia AG, nhập khẩu nguyên hộp từ Pháp.\r\n\r\nCông thức được nghiên cứu bởi các chuyên gia dinh dưỡng hàng đầu tại Châu Âu.\r\nCông dụng sản phẩm:\r\nHỗ trợ hoạt động não bộ: Vitamin B12 giảm nguy cơ mắc bệnh thoái hóa thần kinh, ngăn ngừa mất trí nhớ.\r\nNgăn ngừa loãng xương: Canxi, Vitamin D, Photpho ngăn ngừa tình trạng loãng xương, giúp xương chắc khỏe.\r\nDuy trì, tái tạo khối cơ: Protein chất lượng cao giúp tái tạo cấu trúc hệ cơ ngăn ngừa tình trạng mất cơ.\r\nGiúp khớp khoẻ mạnh: Vitamin E, Magie kích thích phát triển tế bào sụn. Bổ sung chất nhờn cho khớp.\r\nTốt cho thị giác: Vitamin A giúp cho thị lực ở người lớn tuổi luôn được khỏe mạnh.\r\nTăng cường miễn dịch: Vitamin C, E, Kẽm giúp bảo vệ, tăng cường sức khỏe miễn dịch.\r\nĐối tượng sử dụng: từ 18 tuổi.\r\n\r\nMỗi ly 215ml (tương ứng pha chuẩn 2 muỗng bột sữa đong và 200ml nước) cung cấp 525mg Canxi, 113 kcl, 6,3g đạm.\r\n\r\nHướng dẫn pha sữa Rontameal Nutri-pro Balanced:\r\nChuẩn bị 200ml nước ấm\r\nCho vào 2 muỗng bột sữa gạt ngang\r\nLắc đều đến khi bột sữa tan hoàn toàn\r\nLon 400gram = 13 lần pha (30g bột sữa/1 lần pha).', 'SUA002'),
(31, 'Sữa Đặc Ông Thọ', 'Sữa Đặc Có Đường', 400, 50000.00, 1, 'http://localhost/php/Do_An_PHP/admin/uploads/file_6740a79352c868.61451049.jpg', 'Được làm từ sữa tươi của những vùng chăn nuôi bò sữa nổi tiếng chất lượng theo tiêu chuẩn, cung cấp cho bạn các vitamin khoáng chất với hương vị thơm ngon dễ uống.\r\n\r\n* Đặc điểm nổi bật:\r\n\r\n- Sữa tươi tiệt trùng ít đường Dalatmilk 110ml là món quà từ thiên nhiên quý giá, nguồn dinh dưỡng dồi dào từ nguồn sữa của những chú bò được chăn thả và ăn cỏ trên những cánh đồng xanh mát của cao nguyên Lâm Đồng mang đến hương vị tươi ngon khó cưỡng, sẽ giúp cả gia đình luôn tràn đầy sức khỏe và niềm vui mỗi ngày. Nguồn sữa giàu protein, chất béo và các loại vitamin, đồng thời với hàm lượng cao canxi rất tốt cho sức khỏe. Đây chính là món quà tuyệt vời cho sức khỏe của cả gia đình.\r\n\r\n- Dòng sữa được cung cấp bởi đàn bò khỏe mạnh đến từ những trang trại đạt Chuẩn quốc tế trên cao nguyên Lâm Đồng. Khi về nhà máy, Dalatmilk sử dụng công nghệ tiệt trùng UHT hiện đại giúp tiêu diệt toàn bộ vi khuẩn có hại, các loại nấm men, nấm mốc đồng thời giữ lại tối đa các chất dinh dưỡng, mùi vị tự nhiên của sữa, giúp sản phẩm luôn thơm ngon, chất lượng trong thời gian dài mà hoàn toàn không sử dụng chất bảo quản.\r\n\r\n- Sữa tươi tiệt trùng ít đường Dalatmilk 110ml là thực phẩm dinh dưỡng quý giá có thể bổ sung vào những lúc cơ thể bị thiếu hụt năng lượng. Đặc biệt phù hợp các bé cần tăng cân hoặc hiếu động, có lượng vận động nhiều, cần nhiều năng lượng. Một ly sữa với đầy đủ lượng calories, protein, chất béo sẽ là nguồn dinh dưỡng cần thiết, kịp thời để tái tạo và tiếp sức năng lượng cho một ngày dài. Hãy cùng Dalatmilk chăm sóc sức khỏe bản thân và gia đình mỗi ngày bằng những ly sữa tươi thơm ngon và bổ dưỡng ngay từ hôm nay.\r\n\r\n- Canxi có vai trò đặc biệt quan trọng trong việc quyết định chiều cao, sự phát triển khỏe mạnh và độ cứng cáp của trẻ. Bổ sung canxi đầy đủ sẽ giúp trẻ phát triển khỏe mạnh, nhưng nhu cầu thì ở mỗi độ tuổi là khác nhau, trẻ càng lớn nhu cầu bổ sung canxi càng cao, vì vậy cần chú ý độ tuổi của trẻ để bổ sung liều lượng canxi cho phù hợp. Trong bữa ăn mỗi ngày chỉ cung cấp đủ 50% lượng canxi cần thiết cho cơ thể, do đó bổ sung thêm cho trẻ 2 ly sữa tươi Dalatmilk mỗi ngày với 300mg canxi/ 200ml kết hợp Vitamin D trong thành phần sữa sẽ là nền tảng tuyệt vời giúp trẻ có hệ xương chắc khỏe, chiều cao lý tưởng.\r\n\r\n* Hướng dẫn sử dụng và bảo quản:\r\n\r\n- Dung trực tiếp, lắc đều trước khi uống.\r\n\r\n- Bảo quản nơi khô ráo, thoáng mát, tránh ánh nắng trực tiếp.', 'SUA001'),
(32, 'Sữa Đặc Ngôi Sao Phương ', 'Sữa Đặc Có Đường', 400, 40000.00, 1, 'http://localhost/php/Do_An_PHP/admin/uploads/file_6740a8135deb53.51873918.jpg', '* Thành phần bao gồm:\r\n- Hỗn hợp đạm đậu nành và chất béo thực vật (đạm đậu nành, dầu palm, xi-rô glucose, đường sucrose), maltodextrin, sucrose, calci caseinat, chất xơ thực phẩm (FOS/ Inulin), chất béo thực vật (dầu đậu nành, dầu dừa, dầu hướng dương), medium chain triglycerides (MCT), hương liệu tổng hợp dùng cho thực phẩm, vitamin và khoáng chất (tricalci phosphat, natri clorid, natri ascorbat, magnesi oxyd, DL-alpha-tocopheryl acetat, đồng sulfat, sắt pyrophosphat, kali iodid, niacinamid, natri selenit, cholecalciferol, calci D-pantothenat, kẽm oxyd, mangan sulfat, crom clorid, natri molybdat, retinyl acetat, acid folic, D-biotin, cyanocobalamin, pyridoxin hydroclorid, thiamin mononitrat, phytomenadion, riboflavin, menaquinon), cholin bitartrat, probiotics (bifidobacterium lactis). Có chứa sữa và đậu nành.\r\n\r\n* Đặc điểm nổi bật:\r\n- Thực phẩm dinh dưỡng y học Värna Complete với công thức chuyên biệt FRP (*) được nghiên cứu và phát triển bởi Viện Nghiên Cứu Dinh Dưỡng Nutifood Thụy Điển – NNRIS phù hợp với thể trạng đặc thù của người lớn, người ăn uống, người bệnh tại Việt Nam.\r\n\r\n- Sữa Varna Complete hỗ trợ phục hồi nhanh và phòng ngừa các vấn đề sức khỏe, giúp xương chắc, cơ khỏe, tốt cho tim mạch, hỗ trợ trí nhớ, tăng cường miễn dịch và hệ tiêu hóa khỏe mạnh.\r\n\r\n- Tốt cho tim mạch\r\n\r\n- Giúp xương chắc khỏe.\r\n\r\n- Phục hồi sức khỏe nhanh.\r\n\r\n- Tăng cường hệ miễn dịch và hệ tiêu hóa khỏe mạnh.\r\n\r\n- Sản phẩm không chứa gluten, thấp lactose và thấp cholesterol.\r\n\r\n* Đối tượng sử dụng:\r\n- Người ăn uống kém hoặc cần tăng cường dinh dưỡng.\r\n\r\n- Người bệnh cần phục hồi sức khỏe.\r\n\r\n- Người dị ứng với đường Lactose.\r\n\r\n- Sản phẩm có thể sử dụng cho đối tượng trẻ lớn hơn 10 tuổi dưới sự chỉ định của nhân viên y tế.\r\n\r\n* Hướng dẫn sử dụng:\r\n- Rửa tay bằng xà phòng trước khi pha.\r\n\r\n- Đun sôi nước trong 5 phút và để nguội dần đến 50 C.\r\n\r\n- Pha 10 muỗng gạt Sữa bột Nutifood Varna Complete 850g (khoảng 54 g) với 180 ml nước chín ấm (khoảng 50 °C).\r\n\r\n- Khuấy hoặc lắc đều cho đến khi tan hoàn toàn.\r\n\r\n- Sử dụng ngay sau khi pha.\r\n\r\n* Hướng dẫn bảo quản: \r\n- Tránh ánh nắng trực tiếp và nhiệt độ cao.\r\n\r\n- Để hộp sữa nơi thoáng mát và đậy nắp kín sau mỗi lần dùng.\r\n\r\n- Lon đã mở phải được đậy kỹ bằng nắp nhựa và được sử dụng hết trong vòng 03 tuần.\r\n\r\n* Lưu ý:\r\n- Sản phẩm pha xong tốt nhất nên dùng ngay, trường hợp chưa dùng ngay phải đậy kín, bảo quản trong tủ lạnh từ 4 – 6 0C và dùng trong vòng 24 giờ.', 'SUA001'),
(33, 'Sữa Đặc Creamer', 'Sữa Đặc Có Đường', 560, 41234.00, 1, 'http://localhost/php/Do_An_PHP/admin/uploads/file_6740a86f74ace4.17211651.jpg', 'Hỗ trợ hoạt động não bộ: Vitamin B12 giảm nguy cơ mắc bệnh thoái hóa thần kinh, ngăn ngừa mất trí nhớ.\r\nNgăn ngừa loãng xương: Canxi, Vitamin D, Photpho ngăn ngừa tình trạng loãng xương, giúp xương chắc khỏe.\r\nDuy trì, tái tạo khối cơ: Protein chất lượng cao giúp tái tạo cấu trúc hệ cơ ngăn ngừa tình trạng mất cơ.\r\nGiúp khớp khoẻ mạnh: Vitamin E, Magie kích thích phát triển tế bào sụn. Bổ sung chất nhờn cho khớp.\r\nTốt cho thị giác: Vitamin A giúp cho thị lực ở người lớn tuổi luôn được khỏe mạnh.\r\nTăng cường miễn dịch: Vitamin C, E, Kẽm giúp bảo vệ, tăng cường sức khỏe miễn dịch.\r\nĐối tượng sử dụng: từ 18 tuổi.\r\n\r\nMỗi ly 215ml (tương ứng pha chuẩn 2 muỗng bột sữa đong và 200ml nước) cung cấp 525mg Canxi, 113 kcl, 6,3g đạm.\r\n\r\nHướng dẫn pha sữa Rontameal Nutri-pro Balanced:\r\nChuẩn bị 200ml nước ấm\r\nCho vào 2 muỗng bột sữa gạt ngang\r\nLắc đều đến khi bột sữa tan hoàn toàn\r\nLon 400gram = 13 lần pha (30g bột sữa/1 lần pha).', 'SUA002'),
(34, 'Sữa hạt TH ít đường ', 'Sữa Hạt', 560, 44123.00, 1, 'http://localhost/php/Do_An_PHP/admin/uploads/file_6740a8e1edc5d4.68024523.jpg', 'Hương vị sữa tươi thơm ngon sữa tươi tiệt trùng có đường Vitamin tăng sức đề kháng được làm từ 100% sữa bò tươi. Sữa lấy từ trang trại của TH sản xuất tại Việt Nam TH True milk là thương hiệu của Việt. Sữa tiệt trùng TH True Milk là sự lựa chọn tuyệt vời cho bạn và gia đình. Sữa tươi tiệt trùng TH true Milk bổ sung Colagen, Canxi, Phytosterol và các dưỡng chất thiết yếu giúp tăng khả năng hấp thu chất dinh dưỡng, bảo vệ xương và răng, cải thiện hệ tim mạch. Sản phẩm có hương vị thơm ngon, ít đường cùng thiết kế dạng hộp nhỏ gọn và tiện dụng, dễ dàng mang theo.\r\n\r\n- Sản phẩm dùng cho mọi lứa tuổi và trẻ trên 1 tuổi.\r\n\r\n* Thành phần:\r\n\r\nSữa hoàn toàn từ sữa bò tươi (96%), đường tinh luyện (2,8%), chất ổn định dùng cho thực phẩm.\r\n\r\n* Đặc điểm nổi bật:\r\n- Được làm hoàn toàn từ sữa tươi sạch nguyên chất của trang trại TH.\r\n- Được sản xuất theo quy trình sạch, khép kín, ứng dụng công nghệ hiện đại từ đồng cỏ đến bàn ăn nhằm đảm bảo tinh tuý thiên nhiên được giữ vẹn nguyên trong từng giọt sữa.\r\n- Sữa tươi tiệt trùng TH True Milk sử dụng hoàn toàn sữa tươi sạch nguyên chất của trang trại TH với dây chuyền sản xuất hiện đại và đảm bảo an toàn vệ sinh thực phẩm. Sữa tươi tiệt trùng TH True Milk cung cấp các dưỡng chất thiết yếu cho sự phát triển trí lực và thể chất của cả gia đình.\r\n\r\n- Sữa tươi tiệt trùng TH True Milk bổ sung Colagen, Canxi, Phytosterol và các dưỡng chất thiết yếu giúp tăng khả năng hấp thu chất dinh dưỡng, bảo vệ xương và răng, cải thiện hệ tim mạch. Với thiết kế hộp nhỏ gọn tiện lợi cho bạn và gia đình bảo quản lâu dài và thưởng thức hàng ngày.\r\n\r\n- Hương vị thơm ngon thuần khiết\r\n\r\n- Không chất bảo quản, phụ gia, đảm bảo an toàn cho sức khoẻ.\r\n\r\n* Hướng dẫn sử dụng:\r\n\r\nDùng uống trực tiếp. Ngon hơn khi uống lạnh.\r\n\r\n* Bảo quản:\r\n- Bảo quản nơi khô ráo, thoáng mát, tránh ánh nắng trực tiếp.\r\n\r\n- Nên dùng hết sau khi mở, nếu còn bảo quản ngăn mát tủ lạnh ở 4 - 10 độ C, nên dùng hết sau 3 ngày.', 'sua004'),
(35, 'Sữa Hạt Óc Chó', 'Sữa Hạt', 560, 14023.00, 1, 'http://localhost/php/Do_An_PHP/admin/uploads/file_6740a94681c120.30222967.jpg', 'Sữa hạt 9 loại hạt Vinamilk 180ml giàu dưỡng chất từ 9 loại hạt, chứa ít đường, hương vị thơm ngon, dễ uống, tốt cho người giảm cân, ăn kiêng. Sữa hạt Vinamilk 9 loại hạt là sản phẩm sữa hạt không chứa chất bảo quản, an toàn cho người sử dụng.\r\n\r\n* Thành phần:\r\n\r\nSữa hạt (94,4%) (sữa chiết từ hạnh nhân nghiền, sữa chiết từ đậu nành nguyên nghiền, chiết xuất đậu đỏ, bột yến mạch, chiết xuất hạt óc chó, chiết xuất đậu đen, chiết xuất đậu xanh, chiết xuất đậu trắng), đường (4,7%), chất nhũ hóa (471, 460(i), 466), khoáng chất (calci carbonat, natri selenit), hương liệu tổng hợp dùng cho thực phẩm, muối ăn, vitamin (natri ascorbat, E, B3, A, D3), chất điều chỉnh độ acid (500(ii))\r\n\r\n* Có chứa đậu nành, đậu phộng (lạc), gluten, hạt óc chó, hạnh nhân.\r\n\r\n* Đặc điểm nổi bật:\r\n\r\n- Được làm từ 9 loại hạt thượng hạng mùi vị thơm ngon, ít đường.\r\n\r\n- Chứa hạt óc chó, hạnh nhân, yến mạch cùng các loại đậu giàu dinh dưỡng\r\n\r\n- Hàm lượng sữa hạt >94% cung cấp Omega-3, Canxi và Vitamin A, D3, E, B3 tốt cho trí não, vóc dáng và làn da.\r\n\r\n- Công nghệ xay nguyên hạt giúp giữ trọn vẹn giá trị dinh dưỡng trong các loại hạt, đồng thời đem lại dòng sữa thơm ngon, sánh mịn đậm vị hạt.\r\n\r\n* Đối tượng sử dụng:\r\n- Dùng cho trẻ từ 4 tuổi trở lên và người lớn.\r\n\r\n* Hướng dẫn sử dụng:\r\n\r\n- Lắc đều mỗi khi sử dụng\r\n\r\n- Ngon hơn khi uống lạnh\r\n\r\n- Sản phẩm cho 1 lần sử dụng\r\n\r\n- Nên dùng 2 - 3 hộp mỗi ngày', 'SUA001'),
(36, 'Sữa hạt Sahmyook Foods', 'Sữa Hạt', 320, 43000.00, 1, 'http://localhost/php/Do_An_PHP/admin/uploads/file_6740a9b3025822.18050093.jpg', 'Sữa hạt 9 loại hạt Vinamilk 180ml giàu dưỡng chất từ 9 loại hạt, chứa ít đường, hương vị thơm ngon, dễ uống, tốt cho người giảm cân, ăn kiêng. Sữa hạt Vinamilk 9 loại hạt là sản phẩm sữa hạt không chứa chất bảo quản, an toàn cho người sử dụng.\r\n\r\n* Thành phần:\r\n\r\nSữa hạt (94,4%) (sữa chiết từ hạnh nhân nghiền, sữa chiết từ đậu nành nguyên nghiền, chiết xuất đậu đỏ, bột yến mạch, chiết xuất hạt óc chó, chiết xuất đậu đen, chiết xuất đậu xanh, chiết xuất đậu trắng), đường (4,7%), chất nhũ hóa (471, 460(i), 466), khoáng chất (calci carbonat, natri selenit), hương liệu tổng hợp dùng cho thực phẩm, muối ăn, vitamin (natri ascorbat, E, B3, A, D3), chất điều chỉnh độ acid (500(ii))\r\n\r\n* Có chứa đậu nành, đậu phộng (lạc), gluten, hạt óc chó, hạnh nhân.\r\n\r\n* Đặc điểm nổi bật:\r\n\r\n- Được làm từ 9 loại hạt thượng hạng mùi vị thơm ngon, ít đường.\r\n\r\n- Chứa hạt óc chó, hạnh nhân, yến mạch cùng các loại đậu giàu dinh dưỡng\r\n\r\n- Hàm lượng sữa hạt >94% cung cấp Omega-3, Canxi và Vitamin A, D3, E, B3 tốt cho trí não, vóc dáng và làn da.\r\n\r\n- Công nghệ xay nguyên hạt giúp giữ trọn vẹn giá trị dinh dưỡng trong các loại hạt, đồng thời đem lại dòng sữa thơm ngon, sánh mịn đậm vị hạt.\r\n\r\n* Đối tượng sử dụng:\r\n- Dùng cho trẻ từ 4 tuổi trở lên và người lớn.\r\n\r\n* Hướng dẫn sử dụng:\r\n\r\n- Lắc đều mỗi khi sử dụng\r\n\r\n- Ngon hơn khi uống lạnh\r\n\r\n- Sản phẩm cho 1 lần sử dụng\r\n\r\n- Nên dùng 2 - 3 hộp mỗi ngày', 'sua005'),
(37, 'Sữa đậu đen, óc chó hạnh nhân', 'Sữa Hạt', 320, 43000.00, 1, 'http://localhost/php/Do_An_PHP/admin/uploads/file_6740a9f1bc5bc3.69994632.jpg', 'Sữa đậu đen, óc chó hạnh nhân (Hộp) 190ml là một sản phẩm thuộc SAHMYOOK FOOD – thương hiệu thực phẩm dinh dưỡng hàng đầu tại Hàn Quốc. Các sản phẩm của thương hiệu đều được sản xuất theo dây chuyền hiện đại, đóng gói hoàn toàn tự động, được chứng nhận ISO 22000 (Hệ thống quản lý an toàn thực phẩm) và HACCP (Tiêu chuẩn chứng nhận quản lý an toàn thực phẩm) về vệ sinh thực phẩm cao nhất.\r\n\r\n* Thành phần:\r\n\r\n- Nước sữa đậu 90% (nước 83%, bột đậu nành 7%), đường trắng, saccharide kem lạc, siro ngô fructose cao, chất nhũ hóa, bột quả óc chó 0.4%, bột đậu đen 0.2%, bột hạnh nhân 0.2%, muối, bơ hạt thông, dầu thực vật, chất ổn định, hương liệu tổng hợp (vani, lạc).\r\n* Đặc điểm nổi bật:\r\n\r\n- Hương vị thơm ngon, dễ dàng sử dụng.\r\n\r\n- Quả óc chó chứa nhiều Axit béo, Omega-3, giàu chất xơ, Vitamin B, Vitamin E bảo vệ tim mạch, tăng cường sức khỏe cho não và hệ thần kinh.\r\n\r\n- Quả óc chó kết hợp với đậu đen giúp giảm Cholesterols, chống lão hóa, tăng cường sức đề kháng cho cơ thể.\r\n\r\n* Đối tượng sử dụng:\r\n- Dành cho trẻ từ 3 tuổi trở lên và người lớn\r\n\r\n.* Hướng dẫn sử dụng:\r\n\r\n- Dùng uống trực tiếp, ngon hơn khi để lạnh.\r\n\r\n- Bảo quản nơi khô ráo, thoáng mát, tránh ánh nắng mặt trời.', 'sua005'),
(38, 'Vinamilk Organic ', 'Sữa Organic', 180, 21000.00, 1, 'http://localhost/php/Do_An_PHP/admin/uploads/file_6740aa7b336540.00310837.jpg', 'Vinamilk tiên phong cho ra đời dòng sản phẩm Sữa tươi tiệt trùng Vinamilk 100% Organic không đường (180ml) cao cấp theo tiêu chuẩn hữu cơ Châu Âu lần đầu tiên được sản xuất ngay tại Việt Nam. Sữa bò Vinamilk 100% Organic không chỉ chứa nguồn dưỡng chất dồi dào mà còn rất an toàn cho sức khoẻ mà còn:\r\n\r\n- Không sử dụng hoc-moon tăng trưởng cho bò.\r\n\r\n- Không dư lượng thuốc kháng sinh.\r\n\r\n- Không thuốc trừ sâu.\r\n\r\nVới quy trình sản xuất sữa nghiêm ngặt theo tiêu chuẩn organic Châu Âu, sản phẩm Sữa tươi Vinamilk Organic mới hoàn toàn thuần khiết và giàu các dưỡng chất tự nhiên tốt cho sức khỏe.\r\n\r\n* Thành phần: Sữa tươi hữu cơ (100%).\r\n\r\n* Đặc điểm nổi bật:\r\n\r\nGiàu dưỡng chất tốt cho sức khỏe không sử dụng chất bảo quản an toàn cho người sử dụng:\r\n\r\n- Sữa tươi tiệt trùng Vinamilk 100% Organic không đường (180ml) với thành phần tự nhiên đem đến hương vị thơm ngon cũng như cung cấp các dưỡng chất thiết yếu cho sự phát triển trí lực và thể chất của cả gia đình.\r\n\r\n- Sản phẩm được làm từ sữa tươi nguyên chất nên rất thơm ngon, hấp dẫn và béo ngụm.\r\n\r\n- Sữa được xử lý bằng quy trình sản xuất sữa nghiệm ngặt theo tiêu chuẩn Organic Châu Âu.\r\n\r\n- Uống sữa mỗi ngày giúp tăng cường hệ miễn dịch, đạt tới chuẩn khuyến cáo dinh dưỡng và phát triển khỏe mạnh.\r\n\r\n- Được sản xuất trên quy trình công nghệ hiện đại, khép kín, đảm bảo chất lượng sản phẩm và thành phần có giá trị dinh dưỡng, an toàn vệ sinh thực phẩm.\r\n\r\n* Hướng dẫn sử dụng:\r\n\r\n- Dùng trực tiếp, lắc đều trước khi uống, ngon hơn khi uống lạnh.\r\n\r\n- Bảo quản nơi khô ráo thoáng mát, tránh ánh nắng trực tiếp. Sau khi mở hộp, bảo quản lạnh (6-8 độ C) và dùng hết trong vòng 3 ngày.', 'SUA001'),
(39, 'TH True Milk Organic Bò Sữa', 'Sữa Organic', 180, 18000.00, 1, 'http://localhost/php/Do_An_PHP/admin/uploads/file_6740aac490ffe2.20652346.jpg', 'Sữa tươi tiệt trùng TH true MILK công thức TOPKID hoàn toàn từ sữa tươi Organic - Vị kem Vanilla tự nhiên, hộp 180ml.\r\n\r\nTrước tình trạng môi trường bị đe dọa bởi ô nhiễm và chất lượng thực phẩm đi xuống thì việc lựa chọn thực phẩm hữu cơ đang dần trở thành xu thế chung của nhiều người dùng. Trong đó sản phẩm sữa tươi Organic được nhiều người lựa chọn và tin dùng. Sữa organic là sản phẩm được chế biến từ sữa lấy từ đàn bò được chăn nuôi bằng phương thức hữu cơ. Toàn bộ thức ăn và thức uống của đàn bò phải được nuôi trồng tự nhiên, hoàn toàn không được sử dụng hóa chất, thuốc trừ sâu trên đồng cỏ, không dùng phân hóa học để bón cỏ, không được trồng bằng hạt giống biến đổi gen.\r\n\r\nDo đó sữa organic tốt cho sức khoẻ hơn, nguồn gốc thức ăn của bò đều là tự nhiên, sạch, nên chắc chắn sữa của chúng cũng sạch hơn. Cách nuôi thả bò theo phương pháp hữu cơ giúp chúng thoải mái tinh thần khi tự do chạy nhảy phơi nắng trên đồng cỏ nên chúng cũng sẽ cung cấp nguồn sữa bổ dưỡng hơn.\r\n\r\nVới tâm huyết và trăn trở của người sáng lập làm cho trẻ em ly sữa bằng cả trái tim và tấm lòng của người mẹ để mang đến sản phẩm từ sữa tươi sạch thơm ngon giàu dưỡng chất tạo nền móng cho một chặng đường dài phát triển toàn diện tích cực của trẻ, TH True Milk đã dày công nghiên cứu sáng tạo và ra mắt sản phẩm Sữa Tươi Tiệt Trùng TH true MILK Công thức TOPKID hoàn toàn từ sữa tươi Organic - Khỏe Mạnh Tự Nhiên Từ Tình Yêu Của Mẹ.', 'sua004'),
(40, 'TH True Milk Organic Bò Sữa', 'Sữa Tươi', 220, 0.00, 1, 'http://localhost/php/Do_An_PHP/admin/uploads/file_6740ab41891837.24915614.jpg', 'Sữa tươi tiệt trùng TH nguyên chất túi 220ml.\r\nSữa tươi tiệt trùng có đường Vitamin tăng sức đề kháng được làm từ 100% sữa bò tươi sữa lấy từ trang trại của TH sản xuất tại Việt Nam. TH True milk là thương hiệu sữa hàng đầu của Việt Nam. Sữa tiệt trùng TH True Milk là sự lựa chọn tuyệt vời cho bạn và gia đình. Sữa tươi tiệt trùng TH true Milk bổ sung Colagen, Canxi, Phytosterol và các dưỡng chất thiết yếu giúp tăng khả năng hấp thu chất dinh dưỡng, bảo vệ xương và răng, cải thiện hệ tim mạch. Sản phẩm có hương vị thơm ngon, dễ dàng mang theo.\r\n\r\n- Sản phẩm dùng cho trẻ trên 1 tuổi.\r\n\r\nThành phần Sữa TH nguyên chất 220ml:\r\nSữa hoàn toàn từ sữa bò tươi (96%), đường tinh luyện (3,8%), chất ổn định dùng cho thực phẩm, ….\r\n\r\nĐặc điểm nổi bật Sữa TH nguyên chất 220ml:\r\n- Được làm hoàn toàn từ sữa tươi sạch nguyên chất của trang trại TH.\r\n\r\n- Được sản xuất theo quy trình sạch, khép kín, ứng dụng công nghệ hiện đại từ đồng cỏ đến bàn ăn nhằm đảm bảo tinh tuý thiên nhiên được giữ vẹn nguyên trong từng giọt sữa.\r\n\r\n- Sữa tươi tiệt trùng TH True Milk sử dụng hoàn toàn sữa tươi sạch nguyên chất của trang trại TH với dây chuyền sản xuất hiện đại và đảm bảo an toàn vệ sinh thực phẩm. Sữa tươi tiệt trùng TH True Milk cung cấp các dưỡng chất thiết yếu cho sự phát triển trí lực và thể chất của cả gia đình.\r\n- Sữa tươi tiệt trùng TH True Milk bổ sung Colagen, Canxi, Phytosterol và các dưỡng chất thiết yếu giúp tăng khả năng hấp thu chất dinh dưỡng, bảo vệ xương và răng, cải thiện hệ tim mạch. Với thiết kế hộp nhỏ gọn tiện lợi cho bạn và gia đình bảo quản lâu dài và thưởng thức hàng ngày.\r\n- Vị  thơm ngon dễ uống.\r\n- Không chất bảo quản, phụ gia, đảm bảo an toàn cho sức khoẻ.\r\nHướng dẫn sử dụng Sữa TH nguyên chất 220ml: \r\n- Dùng uống trực tiếp. Ngon hơn khi uống lạnh.\r\n\r\nBảo quản:\r\n- Bảo quản nơi khô ráo, thoáng mát, tránh ánh nắng trực tiếp.\r\n\r\n- Nên dùng hết sau khi mở, nếu còn bảo quản ngăn mát tủ lạnh ở 4 - 10 độ C, nên dùng hết sau 3 ngày.', 'sua004'),
(41, 'Sữa tươi 100% tiệt trùng', 'Sữa Tươi', 180, 21900.00, 1, 'http://localhost/php/Do_An_PHP/admin/uploads/file_6740abbec724d7.07028210.jpg', 'Sữa tươi 100% tiệt trùng Vinamilk không đường 180ml được sản xuất hoàn toàn từ nguồn nguyên liệu sữa sạch, được lấy từ hệ thống trang trại rộng lớn trải dài khắp Việt Nam, thật ngon và thuần khiết với \"Tiêu chuẩn 3 không\" nghiêm ngặt, không sử dụng Hóc-môn tăng trưởng cho bò, không dư lượng thuốc kháng sinh và thuốc trừ sâu, không chất bảo quản.\r\n\r\n* Thành phần của sản phẩm:\r\n\r\n- Sữa (96%) (nước, sữa bột, chất béo sữa), dầu thực vật, chất ổn định (471,407,412), hương liệu tổng hợp dùng cho thực phẩm, màu tự nhiên, vitamin (A, D3).\r\n\r\n* Đặc điểm nổi bật:\r\n\r\n- Nguồn vitamin D3, A, C và selen dồi dào giúp hỗ trợ miễn dịch, tốt cho sức khoẻ.\r\n\r\n- Được làm từ 100% sữa bò tươi nguyên chất từ hệ thống trang trại trải dài khắp Việt Nam của Vinamilk và hộ nông dân, được xử lý theo công nghệ thanh trùng hiện đại ở nhiệt độ thích hợp, giúp giữ được lượng vitamin và khoáng chất từ sữa bò tươi nguyên chất.\r\n\r\n- Bổ sung Vitamin D3 theo chuẩn EFSA Châu Âu giúp hỗ trợ miễn dịch, cho cả gia đình thêm khỏe mạnh để luôn sẵn sàng làm tốt những công việc quan trọng mỗi ngày.\r\n\r\n- Hương vị thơm ngon dễ uống.\r\n\r\n* Hướng dẫn sử dụng:\r\n\r\n- Phù hợp với Trẻ từ 1 tuổi trở lên.\r\n\r\n- Sữa tươi là nguồn cung cấp năng lượng cần thiết. Tuy vậy, nếu bạn uống sữa khi bụng đói cồn cào có thể sẽ làm giảm giá trị dinh dưỡng. Thay vào đó, hãy lót dạ bằng một ít tinh bột hoặc bánh làm từ ngũ cốc rồi uống một hộp sữa tươi. Điều này sẽ giúp bạn chống đói và lấy lại nguồn năng lượng nhanh chóng.\r\n\r\n- Mỗi ngày chúng ta nên uống từ 2 – 3 hộp sữa để đảm bảo dưỡng chất và bổ sung vitamin cần thiết cho cơ thể.\r\n\r\n- Dùng ngay khi mở nắp, lắc đều trước khi uống.\r\n\r\n- Ngon hơn khi dùng lạnh.\r\n\r\n- Nên dùng hết sau khi mở.\r\n\r\n* Hướng dẫn bảo quản:\r\n\r\n- Bảo quản nơi khô ráo, thoáng mát.', 'SUA001'),
(42, 'Sữa tươi Vinamilk Socola', 'Sữa Tươi', 180, 7000.00, 1, 'http://localhost/php/Do_An_PHP/admin/uploads/file_6740abf5bac1e6.13021976.jpg', 'Sữa tươi Vinamilk Socola túi 220ml được chế biến từ nguồn sữa tươi 100% chứa nhiều dưỡng chất như vitamin A, D3, canxi, DHA,... tốt cho xương và hệ miễn dịch. Sữa tươi Vinamilk là thương hiệu được tin dùng hàng đầu với chất lượng tuyệt vời với hương socola thơm ngon dễ uống.\r\n\r\n* Thành phần bao gồm:\r\n\r\n- Nước, sữa bột, đường tinh luyện, chất béo sữa, dầu thực vật, bột cacao (4,2g/l), chất ổn định (471,407,412), hương liệu tổng hợp dùng cho thực phẩm, vitamin (A, D3).\r\n\r\n* Đặc điểm nổi bật:\r\n\r\n- Bổ sung vitamin A, D3 và Canxi giúp cả nhà tăng cường thị lực và có một hệ xương thật chắc khỏe.\r\n\r\n- Vị sữa bò béo ngậy, ngọt vừa cùng mùi hương thơm, dễ chịu.\r\n\r\n- Giàu dưỡng chất, tiện dụng với mức giá vô cùng hợp lý.\r\n\r\n- Nguồn dinh dưỡng thiết yếu mỗi ngày, để cả gia đình luôn khỏe mạnh và dồi dào năng lượng dù ở bất cứ đâu.\r\n\r\n- Sữa được sản xuất theo công nghệ tiệt trùng UHT giúp loại bỏ các loại khuẩn có hại mà vẫn giữ được các chất dinh dưỡng.\r\n\r\n* Hướng dẫn sử dụng:\r\n\r\n- Phù hợp với trẻ từ 1 tuổi trở lên.\r\n\r\n- Sử dụng trực tiếp, ngon hơn khi uống lạnh.\r\n\r\n- Nên dùng 2 - 3 bịch mỗi ngày.\r\n\r\n* Hướng dẫn bảo quản:\r\n\r\n- Bảo quản nơi khô ráo, thoáng mát.', 'SUA001'),
(43, 'Sữa tươi Mộc Châu không đường 180ml Sữa tươi Mộc Châu không đường 180ml Sữa tươi Mộc Châu không đường 180ml Sữa tươi Mộc Châu không đường', 'Sữa Tươi', 580, 35000.00, 1, 'http://localhost/php/Do_An_PHP/admin/uploads/file_6740ac1f1ecb16.98475073.jpg', 'Sữa tươi Mộc Châu không đường là một loại sữa có hương vị thơm, ngon, đậm đà, tươi mát. Bạn có thể uống trực tiếp hay dùng với các món ăn nhanh giúp cơ thể có nhiều năng lượng cho một ngày làm việc, học tập hiệu quả. Sản phẩm sữa tươi tiệt trùng Mộc Châu không đường cung cấp cho cơ thể rất nhiều chất dinh dưỡng như canxi, chất béo, protein, vitamin và một số khoáng chất cần thiết khác giúp cơ thể khỏe mạnh.\r\n\r\nSản phẩm được làm từ nguồn sữa tươi nguyên chất, sản xuất trên dây chuyền hiện đại của Tetra Pak - Thụy Điển, kiểm nghiệm nghiêm ngặt về chất lượng cũng như vệ sinh an toàn thực phẩm.\r\n\r\n* Đối tượng sử dụng:\r\n\r\nDành cho cả gia đình, đặc biệt được phụ nữ, trẻ em trên 1 tuổi ưa thích.\r\n\r\n * Thành phần bao gồm:\r\n\r\nSữa cung cấp các loại vitamin B (cho sự phát triển của hồng cầu), canxi (cho xương chắc khỏe), carbohydrates (cung cấp năng lượng), magie (cho cơ bắp mềm dẻo), phốt pho (cho hoạt động sử dụng năng lượng trong cơ thể), kali (tốt cho hệ thần kinh), protein (cho quá trình tăng trưởng và làm lành vết thương), riboflavin (cho một làn da khỏe và tươi sáng) và kẽm tăng cường hệ miễn dịch).\r\n\r\n* Đặc điểm nổi bật:\r\n\r\n+ Tăng cường mật độ xương và giúp răng chắc khỏe: Sữa là một nguồn dinh dưỡng giàu canxi. Khoáng chất này rất cần thiết để giúp cho xương và răng khỏe mạnh.\r\n\r\n+ Giàu vitamin D: Sữa là một thực phẩm rất giàu vitamin D, nó có tác dụng làm giảm viêm nhiễm và tăng cường hệ miễn dịch.\r\n\r\n+ Giúp giữ nước: Sữa là một nguồn phong phú của nước. Sau khi tập thể dục, một ly sữa có thể giúp khôi phục năng lượng của bạn và đồng thời giữ ẩm cơ thể.\r\n\r\n+ Phát triển cơ bắp: Protein có trong sữa, là điều cần thiết cho sự tăng trưởng cơ bắp. Những người tham gia vào các hoạt động thể chất nên đưa sữa vào danh sách những thực phẩm thiết yếu hàng ngày. Sữa giúp bạn lấy lại nước cho cơ thể mà bạn bị mất sau khi tập thể dục, và làm giảm đau nhức cơ bắp.\r\n\r\n+ Tốt cho da: Sữa rất giàu các axit amin, giúp giữ ẩm da và khiến da trở nên mềm mại hơn.\r\n\r\n+ Giảm căng thẳng: Sữa được chứng minh có tác dụng tăng năng lượng sau một ngày làm việc mệt mỏi. Nó là một thực phẩm rất tốt làm thư giãn cơ bắp cũng như các hoạt động trên các dây thần kinh. Ngoài ra, một ly sữa ấm vào ban đêm có thể mang lại một giấc ngủ ngon.\r\n\r\n* Hướng dẫn sử dụng:\r\n\r\n+ Sử dụng sản phẩm ngay sau khi mở.\r\n\r\n+ Ngon hơn khi uống lạnh.\r\n\r\n+ Sản phẩm sử dụng sau 1 lần uống.\r\n\r\n* Cách bảo quản: \r\n\r\n+ Để sản phẩm nơi khô ráo thoáng mát.\r\n\r\n+ Tránh ánh nắng trực tiếp và nhiệt độ cao.\r\n\r\n+ Tránh va đập mạnh.', 'sua005'),
(44, 'Sữa hạt Vinamilk Cao Đạm ít đường', 'Sữa Hạt', 180, 15000.00, 1, 'http://localhost/php/Do_An_PHP/admin/uploads/file_6740ac65c4bbc8.37340293.jpg', 'Sữa hạt (94,4%) (sữa chiết từ hạnh nhân nghiền, sữa chiết từ đậu nành nguyên nghiền, chiết xuất đậu đỏ, bột yến mạch, chiết xuất hạt óc chó, chiết xuất đậu đen, chiết xuất đậu xanh, chiết xuất đậu trắng), đường (4,7%), chất nhũ hóa (471, 460(i), 466), khoáng chất (calci carbonat, natri selenit), hương liệu tổng hợp dùng cho thực phẩm, muối ăn, vitamin (natri ascorbat, E, B3, A, D3), chất điều chỉnh độ acid (500(ii))\r\n\r\n* Có chứa đậu nành, đậu phộng (lạc), gluten, hạt óc chó, hạnh nhân.\r\n\r\n* Đặc điểm nổi bật:\r\n\r\n- Được làm từ 9 loại hạt thượng hạng mùi vị thơm ngon, ít đường.\r\n\r\n- Chứa hạt óc chó, hạnh nhân, yến mạch cùng các loại đậu giàu dinh dưỡng\r\n\r\n- Hàm lượng sữa hạt >94% cung cấp Omega-3, Canxi và Vitamin A, D3, E, B3 tốt cho trí não, vóc dáng và làn da.\r\n\r\n- Công nghệ xay nguyên hạt giúp giữ trọn vẹn giá trị dinh dưỡng trong các loại hạt, đồng thời đem lại dòng sữa thơm ngon, sánh mịn đậm vị hạt.\r\n\r\n* Đối tượng sử dụng:\r\n- Dùng cho trẻ từ 4 tuổi trở lên và người lớn.\r\n\r\n* Hướng dẫn sử dụng:\r\n\r\n- Lắc đều mỗi khi sử dụng\r\n\r\n- Ngon hơn khi uống lạnh\r\n\r\n- Sản phẩm cho 1 lần sử dụng\r\n\r\n- Nên dùng 2 - 3 hộp mỗi ngày', 'SUA001'),
(45, 'Sữa Hạt Super Nut', 'Sữa Hạt', 180, 14000.00, 1, 'http://localhost/php/Do_An_PHP/admin/uploads/file_6740aca73d8de9.13163671.jpg', 'Sữa hạt (94,4%) (sữa chiết từ hạnh nhân nghiền, sữa chiết từ đậu nành nguyên nghiền, chiết xuất đậu đỏ, bột yến mạch, chiết xuất hạt óc chó, chiết xuất đậu đen, chiết xuất đậu xanh, chiết xuất đậu trắng), đường (4,7%), chất nhũ hóa (471, 460(i), 466), khoáng chất (calci carbonat, natri selenit), hương liệu tổng hợp dùng cho thực phẩm, muối ăn, vitamin (natri ascorbat, E, B3, A, D3), chất điều chỉnh độ acid (500(ii))\r\n\r\n* Có chứa đậu nành, đậu phộng (lạc), gluten, hạt óc chó, hạnh nhân.\r\n\r\n* Đặc điểm nổi bật:\r\n\r\n- Được làm từ 9 loại hạt thượng hạng mùi vị thơm ngon, ít đường.\r\n\r\n- Chứa hạt óc chó, hạnh nhân, yến mạch cùng các loại đậu giàu dinh dưỡng\r\n\r\n- Hàm lượng sữa hạt >94% cung cấp Omega-3, Canxi và Vitamin A, D3, E, B3 tốt cho trí não, vóc dáng và làn da.\r\n\r\n- Công nghệ xay nguyên hạt giúp giữ trọn vẹn giá trị dinh dưỡng trong các loại hạt, đồng thời đem lại dòng sữa thơm ngon, sánh mịn đậm vị hạt.\r\n\r\n* Đối tượng sử dụng:\r\n- Dùng cho trẻ từ 4 tuổi trở lên và người lớn.\r\n\r\n* Hướng dẫn sử dụng:\r\n\r\n- Lắc đều mỗi khi sử dụng\r\n\r\n- Ngon hơn khi uống lạnh\r\n\r\n- Sản phẩm cho 1 lần sử dụng\r\n\r\n- Nên dùng 2 - 3 hộp mỗi ngày', 'SUA001');

--
-- Chỉ mục cho các bảng đã đổ
--

--
-- Chỉ mục cho bảng `admin`
--
ALTER TABLE `admin`
  ADD PRIMARY KEY (`id`);

--
-- Chỉ mục cho bảng `brand`
--
ALTER TABLE `brand`
  ADD PRIMARY KEY (`Id`);

--
-- Chỉ mục cho bảng `customer`
--
ALTER TABLE `customer`
  ADD PRIMARY KEY (`Id`);

--
-- Chỉ mục cho bảng `sua`
--
ALTER TABLE `sua`
  ADD PRIMARY KEY (`id`),
  ADD KEY `brand` (`brand`);

--
-- AUTO_INCREMENT cho các bảng đã đổ
--

--
-- AUTO_INCREMENT cho bảng `admin`
--
ALTER TABLE `admin`
  MODIFY `id` int(11) NOT NULL AUTO_INCREMENT, AUTO_INCREMENT=3;

--
-- AUTO_INCREMENT cho bảng `sua`
--
ALTER TABLE `sua`
  MODIFY `id` int(11) NOT NULL AUTO_INCREMENT, AUTO_INCREMENT=46;

--
-- Các ràng buộc cho các bảng đã đổ
--

--
-- Các ràng buộc cho bảng `sua`
--
ALTER TABLE `sua`
  ADD CONSTRAINT `sua_ibfk_1` FOREIGN KEY (`brand`) REFERENCES `brand` (`Id`);
COMMIT;

/*!40101 SET CHARACTER_SET_CLIENT=@OLD_CHARACTER_SET_CLIENT */;
/*!40101 SET CHARACTER_SET_RESULTS=@OLD_CHARACTER_SET_RESULTS */;
/*!40101 SET COLLATION_CONNECTION=@OLD_COLLATION_CONNECTION */;
